{
    "a_hat": 0.2698392111038017,
    "theta_hat": 0.06046081524532707,
    "sigma_hat": 0.009026799549554803,
    "phi_hat": 0.998929782571344,
    "c_hat": 6.470621822629846e-05,
    "sigma_eps2_hat": 3.2299968657904744e-07,
    "dt": 0.003968253968253968
}